email,prenom,nom_de_famille,du_des_de_la,nom_circo,num_deptmt,slug
dabad@assemblee-nationale.fr,Damien,Abad,de l',Ain,1,damien-abad
labeille@assemblee-nationale.fr,Laurence,Abeille,du,Val-de-Marne,94,laurence-abeille
iaboubacar@assemblee-nationale.fr,Ibrahim,Aboubacar,de,Mayotte,976,ibrahim-aboubacar
eaboud@assemblee-nationale.fr,Elie,Aboud,de l',Hérault,34,elie-aboud
baccoyer@assemblee-nationale.fr,Bernard,Accoyer,de la,Haute-Savoie,74,bernard-accoyer
padam@assemblee-nationale.fr,Patricia,Adam,du,Finistère,29,patricia-adam
s.alaux@assemblee-nationale.fr,Sylviane,Alaux,des,Pyrénées-Atlantiques,64,sylviane-alaux
ealauzet@assemblee-nationale.fr,Eric,Alauzet,du,Doubs,25,eric-alauzet
yalbarello@assemblee-nationale.fr,Yves,Albarello,de,Seine-et-Marne,77,yves-albarello
ballain@assemblee-nationale.fr,Brigitte,Allain,de la,Dordogne,24,brigitte-allain
jpallossery@assemblee-nationale.fr,Jean-Pierre,Allossery,du,Nord,59,jean-pierre-allossery
nameline@assemblee-nationale.fr,Nicole,Ameline,du,Calvados,14,nicole-ameline
pamirshahi@assemblee-nationale.fr,Pouria,Amirshahi,des,Français établis hors de France,999,pouria-amirshahi
fandre@assemblee-nationale.fr,François,André,d',Ille-et-Vilaine,35,francois-andre
sandrieux@assemblee-nationale.fr,Sylvie,Andrieux,des,Bouches-du-Rhône,13,sylvie-andrieux
bapparu@assemblee-nationale.fr,Benoist,Apparu,de la,Marne,51,benoist-apparu
nappere@assemblee-nationale.fr,Nathalie,Appéré,d',Ille-et-Vilaine,35,nathalie-appere
karif@assemblee-nationale.fr,Kader,Arif,de la,Haute-Garonne,31,kader-arif
larribage@assemblee-nationale.fr,Laurence,Arribagé,de la,Haute-Garonne,31,laurence-arribage
fasensi@assemblee-nationale.fr,François,Asensi,de la,Seine-Saint-Denis,93,francois-asensi
cassaf@assemblee-nationale.fr,Christian,Assaf,de l',Hérault,34,christian-assaf
iattard@assemblee-nationale.fr,Isabelle,Attard,du,Calvados,14,isabelle-attard
jaubert@assemblee-nationale.fr,Julien,Aubert,du,Vaucluse,84,julien-aubert
oaudiberttroin@assemblee-nationale.fr,Olivier,Audibert Troin,du,Var,83,olivier-audibert-troin
dauroi@assemblee-nationale.fr,Danielle,Auroi,du,Puy-de-Dôme,63,danielle-auroi
deputeaylagas@gmail.com,Pierre,Aylagas,des,Pyrénées-Orientales,66,pierre-aylagas
bazerot@assemblee-nationale.fr,Bruno Nestor,Azerot,de la,Martinique,972,bruno-nestor-azerot
abachelay@assemblee-nationale.fr,Alexis,Bachelay,des,Hauts-de-Seine,92,alexis-bachelay
gbachelay@assemblee-nationale.fr,Guillaume,Bachelay,de la,Seine-Maritime,76,guillaume-bachelay
jpbacquet@assemblee-nationale.fr,Jean-Paul,Bacquet,du,Puy-de-Dôme,63,jean-paul-bacquet
dbaert@assemblee-nationale.fr,Dominique,Baert,du,Nord,59,dominique-baert
gbailliart@assemblee-nationale.fr,Guy,Bailliart,du,Calvados,14,guy-bailliart
pbalkany@assemblee-nationale.fr,Patrick,Balkany,des,Hauts-de-Seine,92,patrick-balkany
gbapt@assemblee-nationale.fr,Gérard,Bapt,de la,Haute-Garonne,31,gerard-bapt
fbarbier@assemblee-nationale.fr,Frédéric,Barbier,du,Doubs,25,frederic-barbier
jpbarbier@assemblee-nationale.fr,Jean-Pierre,Barbier,de l',Isère,38,jean-pierre-barbier
sbardy@assemblee-nationale.fr,Serge,Bardy,de,Maine-et-Loire,49,serge-bardy
cbartolone@assemblee-nationale.fr,Claude,Bartolone,de la,Seine-Saint-Denis,93,claude-bartolone
cbataille@assemblee-nationale.fr,Christian,Bataille,du,Nord,59,christian-bataille
dbatho@assemblee-nationale.fr,Delphine,Batho,des,Deux-Sèvres,79,delphine-batho
mnbattistel@assemblee-nationale.fr,Marie-Noëlle,Battistel,de l',Isère,38,marie-noelle-battistel
lbaumel@assemblee-nationale.fr,Laurent,Baumel,d',Indre-et-Loire,37,laurent-baumel
pbaumel@assemblee-nationale.fr,Philippe,Baumel,de,Saône-et-Loire,71,philippe-baumel
dbaupin@assemblee-nationale.fr,Denis,Baupin,de,Paris,75,denis-baupin
nbays@assemblee-nationale.fr,Nicolas,Bays,du,Pas-de-Calais,62,nicolas-bays
cbeaubatie@assemblee-nationale.fr,Catherine,Beaubatie,de la,Haute-Vienne,87,catherine-beaubatie
mfbechtel@assemblee-nationale.fr,Marie-Françoise,Bechtel,de l',Aisne,2,marie-francoise-bechtel
jmbeffara@assemblee-nationale.fr,Jean-Marie,Beffara,d',Indre-et-Loire,37,jean-marie-beffara
hbello@assemblee-nationale.fr,Huguette,Bello,de la,Réunion,974,huguette-bello
lbelot@assemblee-nationale.fr,Luc,Belot,de,Maine-et-Loire,49,luc-belot
jabenisti@assemblee-nationale.fr,Jacques Alain,Bénisti,du,Val-de-Marne,94,jacques-alain-benisti
tbenoit@assemblee-nationale.fr,Thierry,Benoit,d',Ille-et-Vilaine,35,thierry-benoit
kberger@assemblee-nationale.fr,Karine,Berger,des,Hautes-Alpes,5,karine-berger
sberrios@assemblee-nationale.fr,Sylvain,Berrios,du,Val-de-Marne,94,sylvain-berrios
cberthelot@assemblee-nationale.fr,Chantal,Berthelot,de la,Guyane,973,chantal-berthelot
vbesse@assemblee-nationale.fr,Véronique,Besse,de la,Vendée,85,veronique-besse
gbiemouret@assemblee-nationale.fr,Gisèle,Biémouret,du,Gers,32,gisele-biemouret
pbies@assemblee-nationale.fr,Philippe,Bies,du,Bas-Rhin,67,philippe-bies
ebinet@assemblee-nationale.fr,Erwann,Binet,de l',Isère,38,erwann-binet
eblanc@assemblee-nationale.fr,Brigitte,Blanc,de l',Ain,1,etienne-blanc
jpblazy@assemblee-nationale.fr,Jean-Pierre,Blazy,du,Val-d'Oise,95,jean-pierre-blazy
yblein@assemblee-nationale.fr,Yves,Blein,du,Rhône,69,yves-blein
jlbleunven@assemblee-nationale.fr,Jean-Luc,Bleunven,du,Finistère,29,jean-luc-bleunven
pbloche@assemblee-nationale.fr,Patrick,Bloche,de,Paris,75,patrick-bloche
abocquet@assemblee-nationale.fr,Alain,Bocquet,du,Nord,59,alain-bocquet
dboisserie@assemblee-nationale.fr,Daniel,Boisserie,de la,Haute-Vienne,87,daniel-boisserie
jbompard@assemblee-nationale.fr,Jacques,Bompard,du,Vaucluse,84,jacques-bompard
mbonneton@assemblee-nationale.fr,Michèle,Bonneton,de l',Isère,38,michele-bonneton
mbonnot@assemblee-nationale.fr,Marcel,Bonnot,du,Doubs,25,marcel-bonnot
cborgel@assemblee-nationale.fr,Christophe,Borgel,de la,Haute-Garonne,31,christophe-borgel
jcbouchet@assemblee-nationale.fr,Jean-Claude,Bouchet,du,Vaucluse,84,jean-claude-bouchet
fboudie@assemblee-nationale.fr,Florent,Boudié,de la,Gironde,33,florent-boudie
mobouille@assemblee-nationale.fr,Marie-Odile,Bouillé,de,Loire-Atlantique,44,marie-odile-bouille
cbouillon@assemblee-nationale.fr,Christophe,Bouillon,de la,Seine-Maritime,76,christophe-bouillon
gbourdouleix@assemblee-nationale.fr,Gilles,Bourdouleix,de,Maine-et-Loire,49,gilles-bourdouleix
bbourguignon@assemblee-nationale.fr,Brigitte,Bourguignon,du,Pas-de-Calais,62,brigitte-bourguignon
mboutih@assemblee-nationale.fr,Malek,Boutih,de l',Essonne,91,malek-boutih
kbouziane@assemblee-nationale.fr,Kheira,Bouziane-Laroussi,de la,Côte-d'Or,21,kheira-bouziane
vboyer@assemblee-nationale.fr,Valérie,Boyer,des,Bouches-du-Rhône,13,valerie-boyer
ebrehier@assemblee-nationale.fr,Emeric,Bréhier,de,Seine-et-Marne,77,emeric-brehier
xbreton@assemblee-nationale.fr,Xavier,Breton,de l',Ain,1,xavier-breton
pbriand@assemblee-nationale.fr,Philippe,Briand,d',Indre-et-Loire,37,philippe-briand
jlbricout@assemblee-nationale.fr,Jean-Louis,Bricout,de l',Aisne,2,jean-louis-bricout
jjbridey@assemblee-nationale.fr,Jean-Jacques,Bridey,du,Val-de-Marne,94,jean-jacques-bridey
bbrochand@assemblee-nationale.fr,Bernard,Brochand,des,Alpes-Maritimes,6,bernard-brochand
ibruneau@assemblee-nationale.fr,Isabelle,Bruneau,de l',Indre,36,isabelle-bruneau
mgbuffet@assemblee-nationale.fr,Marie-George,Buffet,des,Seine-Saint-Denis,93,marie-george-buffet
gbui@assemblee-nationale.fr,Gwenegan,Bui,du,Finistère,29,gwenegan-bui
sbuis@assemblee-nationale.fr,Sabine,Buis,de l',Ardèche,7,sabine-buis
jcbuisine@assemblee-nationale.fr,Jean-Claude,Buisine,de la,Somme,80,jean-claude-buisine
sbulteau@assemblee-nationale.fr,Sylviane,Bulteau,de la,Vendée,85,sylviane-bulteau
vburroni@assemblee-nationale.fr,Vincent,Burroni,des,Bouches-du-Rhône,13,vincent-burroni
dbussereau@assemblee-nationale.fr,Dominique,Bussereau,de la,Charente-Maritime,17,dominique-bussereau
acalmette@assemblee-nationale.fr,Alain,Calmette,du,Cantal,15,alain-calmette
jccambadelis@assemblee-nationale.fr,Jean-Christophe,Cambadélis,de,Paris,75,jean-christophe-cambadelis
jjcandelier@assemblee-nationale.fr,Jean-Jacques,Candelier,du,Nord,59,jean-jacques-candelier
ccapdevielle@assemblee-nationale.fr,Colette,Capdevielle,des,Pyrénées-Atlantiques,64,colette-capdevielle
ycapet@assemblee-nationale.fr,Yann,Capet,du,Pas-de-Calais,62,yann-capet
ccaresche@assemblee-nationale.fr,Christophe,Caresche,de,Paris,75,christophe-caresche
macarlotti@assemblee-nationale.fr,Marie-Arlette,Carlotti,des,Bouches-du-Rhône,13,marie-arlette-carlotti
jncarpentier@assemblee-nationale.fr,Jean-Noël,Carpentier,du,Val-d'Oise,95,jean-noel-carpentier
ocarre@assemblee-nationale.fr,Olivier,Carré,du,Loiret,45,olivier-carre
fcarrey-conte@assemblee-nationale.fr,Fanélie,Carrey-Conte,de,Paris,75,fanelie-carrey-conte
gcarrez@assemblee-nationale.fr,Gilles,Carrez,du,Val-de-Marne,94,gilles-carrez
mcarrillon-couvreur@assemblee-nationale.fr,Martine,Carrillon-Couvreur,de la,Nièvre,58,martine-carrillon-couvreur
pcarvalho@assemblee-nationale.fr,Patrice,Carvalho,de l',Oise,60,patrice-carvalho
ccastaner@assemblee-nationale.fr,Christophe,Castaner,des,Alpes-de-Haute-Provence,4,christophe-castaner
lcathala@assemblee-nationale.fr,Laurent,Cathala,du,Val-de-Marne,94,laurent-cathala
jycaullet@assemblee-nationale.fr,Jean-Yves,Caullet,de l',Yonne,89,jean-yves-caullet
ccavard@assemblee-nationale.fr,Christophe,Cavard,du,Gard,30,christophe-cavard
ycensi@assemblee-nationale.fr,Yves,Censi,de l',Aveyron,12,yves-censi
nchabanne@assemblee-nationale.fr,Nathalie,Chabanne,des,Pyrénées-Atlantiques,64,nathalie-chabanne
achalus@assemblee-nationale.fr,Ary,Chalus,de la,Guadeloupe,971,ary-chalus
gchambefort@assemblee-nationale.fr,Guy,Chambefort,de l',Allier,3,guy-chambefort
jpchanteguet@assemblee-nationale.fr,Jean-Paul,Chanteguet,de l',Indre,36,jean-paul-chanteguet
machapdelaine@assemblee-nationale.fr,Marie-Anne,Chapdelaine,d',Ille-et-Vilaine,35,marie-anne-chapdelaine
gcharasse@assemblee-nationale.fr,Gérard,Charasse,de l',Allier,3,gerard-charasse
gcharroux@assemblee-nationale.fr,Gaby,Charroux,des,Bouches-du-Rhône,13,gaby-charroux
jchartier@assemblee-nationale.fr,Jérôme,Chartier,du,Val-d'Oise,95,jerome-chartier
achassaigne@assemblee-nationale.fr,André,Chassaigne,du,Puy-de-Dôme,63,andre-chassaigne
lchatel@assemblee-nationale.fr,Luc,Chatel,de la,Haute-Marne,52,luc-chatel
gmchauveau@assemblee-nationale.fr,Guy-Michel,Chauveau,de la,Sarthe,72,guy-michel-chauveau
dchauvel@assemblee-nationale.fr,Dominique,Chauvel,de,Seine-Maritime,76,dominique-chauvel
pcherki@assemblee-nationale.fr,Pascal,Cherki,de,Paris,75,pascal-cherki
gcherpion@assemblee-nationale.fr,Gérard,Cherpion,des,Vosges,88,gerard-cherpion
gchevrollier@assemblee-nationale.fr,Guillaume,Chevrollier,de la,Mayenne,53,guillaume-chevrollier
achretien@assemblee-nationale.fr,Alain,Chrétien,de la,Haute-Saône,70,alain-chretien
jlchrist@assemblee-nationale.fr,Jean-Louis,Christ,du,Haut-Rhin,68,jean-louis-christ
dcinieri@assemblee-nationale.fr,Dino,Cinieri,de la,Loire,42,dino-cinieri
jdciot@assemblee-nationale.fr,Jean-David,Ciot,des,Bouches-du-Rhône,13,jean-david-ciot
eciotti@assemblee-nationale.fr,Eric,Ciotti,des,Alpes-Maritimes,6,eric-ciotti
aclaeys@assemblee-nationale.fr,Alain,Claeys,de la,Vienne,86,alain-claeys
sclaireaux@assemblee-nationale.fr,Stéphane,Claireaux,de,Saint-Pierre-et-Miquelon,975,stephane-claireaux
jmclement@assemblee-nationale.fr,Jean-Michel,Clément,de la,Vienne,86,jean-michel-clement
mfclergeau@assemblee-nationale.fr,Marie-Françoise,Clergeau,de,Loire-Atlantique,44,marie-francoise-clergeau
pcochet@assemblee-nationale.fr,Philippe,Cochet,du,Rhône,69,philippe-cochet
rcolas@assemblee-nationale.fr,Romain,Colas,de l',Essonne,91,romain-colas
gcollard@assemblee-nationale.fr,Gilbert,Collard,du,Gard,30,gilbert-collard
dcomet@assemblee-nationale.fr,David,Comet,de la,Charente,16,david-comet
jfcope@assemblee-nationale.fr,Jean-François,Copé,de,Seine-et-Marne,77,jean-francois-cope
pcordery@assemblee-nationale.fr,Philip,Cordery,des,Français établis hors de France,999,philip-cordery
fcornut-gentille@assemblee-nationale.fr,François,Cornut-Gentille,de la,Haute-Marne,52,francois-cornut-gentille
scoronado@assemblee-nationale.fr,Sergio,Coronado,des,Français établis hors de France,999,sergio-coronado
vcorre@assemblee-nationale.fr,Valérie,Corre,du,Loiret,45,valerie-corre
jlcostes@assemblee-nationale.fr,Jean-Louis,Costes,de,Lot-et-Garonne,47,jean-louis-costes
jjcottel@assemblee-nationale.fr,Jean-Jacques,Cottel,du,Pas-de-Calais,62,jean-jacques-cottel
ecourtial@assemblee-nationale.fr,Edouard,Courtial,de l',Oise,60,edouard-courtial
ccoutelle@assemblee-nationale.fr,Catherine,Coutelle,de la,Vienne,86,catherine-coutelle
jmcouve@assemblee-nationale.fr,Jean-Michel,Couve,du,Var,83,jean-michel-couve
jcresta@assemblee-nationale.fr,Jacques,Cresta,des,Pyrénées-Orientales,66,jacques-cresta
pcrozon@assemblee-nationale.fr,Pascale,Crozon,du,Rhône,69,pascale-crozon
fcuvillier@assemblee-nationale.fr,Frédéric,Cuvillier,du,Pas-de-Calais,62,frederic-cuvillier
cdasilva@assemblee-nationale.fr,Carlos,Da Silva,de l',Essonne,91,carlos-da-silva
sdagoma@assemblee-nationale.fr,Seybah,Dagoma,de,Paris,75,seybah-dagoma
mcdalloz@assemblee-nationale.fr,Marie-Christine,Dalloz,du,Jura,39,marie-christine-dalloz
ydaniel@assemblee-nationale.fr,Yves,Daniel,de la,Loire-Atlantique,44,yves-daniel
odassault@assemblee-nationale.fr,Olivier,Dassault,de l',Oise,60,olivier-dassault
mpdaubresse@assemblee-nationale.fr,Marc-Philippe,Daubresse,du,Nord,59,marc-philippe-daubresse
cdecourson@assemblee-nationale.fr,Charles,de Courson,de la,Marne,51,charles-de-courson
cdeganay@assemblee-nationale.fr,Claude,de Ganay,du,Loiret,45,claude-de-ganay
ldelaraudiere@assemblee-nationale.fr,Laure,de La Raudière,d',Eure-et-Loir,28,laure-de-la-raudiere
cdelaverpilliere@assemblee-nationale.fr,Charles,de La Verpillière,de l',Ain,1,charles-de-la-verpilliere
fdemazieres@assemblee-nationale.fr,François,de Mazières,des,Yvelines,78,francois-de-mazieres
cderoccaserra@assemblee-nationale.fr,Camille,de Rocca Serra,de la,Corse-du-Sud,2A,camille-de-rocca-serra
fderugy@assemblee-nationale.fr,François,de Rugy,de la,Loire-Atlantique,44,francois-de-rugy
bdebre@assemblee-nationale.fr,Bernard,Debré,de,Paris,75,bernard-debre
jpdecool@assemblee-nationale.fr,Jean-Pierre,Decool,du,Nord,59,jean-pierre-decool
bdeflesselles@assemblee-nationale.fr,Bernard,Deflesselles,des,Bouches-du-Rhône,13,bernard-deflesselles
ldegallaix@assemblee-nationale.fr,Laurent,Degallaix,du,Nord,59,laurent-degallaix
ldegauchy@assemblee-nationale.fr,Lucien,Degauchy,de l',Oise,60,lucien-degauchy
pdeguilhem@assemblee-nationale.fr,Pascal,Deguilhem,de la,Dordogne,24,pascal-deguilhem
rdelatte@assemblee-nationale.fr,Rémi,Delatte,de la,Côte-d'Or,21,remi-delatte
fdelaunay@assemblee-nationale.fr,Florence,Delaunay,des,Landes,40,florence-delaunay
mdelaunay@assemblee-nationale.fr,Michèle,Delaunay,de la,Gironde,33,michele-delaunay
gdelcourt@assemblee-nationale.fr,Guy,Delcourt,du,Pas-de-Calais,62,guy-delcourt
cdelga@assemblee-nationale.fr,Carole,Delga,de la,Haute-Garonne,31,carole-delga
pdemarthe@assemblee-nationale.fr,Pascal,Demarthe,de la,Somme,80,pascal-demarthe
sdemilly@assemblee-nationale.fr,Stéphane,Demilly,de la,Somme,80,stephane-demilly
sdenaja@assemblee-nationale.fr,Sébastien,Denaja,de l',Hérault,34,sebastien-denaja
fdescampscrosnier@assemblee-nationale.fr,Françoise,Descamps-Crosnier,des,Yvelines,78,francoise-descamps-crosnier
sdessus@assemblee-nationale.fr,Sophie,Dessus,de la,Corrèze,19,sophie-dessus
jldestans@assemblee-nationale.fr,Jean-Louis,Destans,de l',Eure,27,jean-louis-destans
mdestot@assemblee-nationale.fr,Michel,Destot,de l',Isère,38,michel-destot
pdevedjian@assemblee-nationale.fr,Patrick,Devedjian,des,Hauts-de-Seine,92,patrick-devedjian
ndhuicq@assemblee-nationale.fr,Nicolas,Dhuicq,de l',Aube,10,nicolas-dhuicq
sdion@assemblee-nationale.fr,Sophie,Dion,de la,Haute-Savoie,74,sophie-dion
mdolez@assemblee-nationale.fr,Marc,Dolez,du,Nord,59,marc-dolez
fdombrecoste@assemblee-nationale.fr,Fanny,Dombre Coste,de l',Hérault,34,fanny-dombre-coste
jpdoor@assemblee-nationale.fr,Jean-Pierre,Door,du,Loiret,45,jean-pierre-door
ddord@assemblee-nationale.fr,Dominique,Dord,de la,Savoie,73,dominique-dord
rdosiere@assemblee-nationale.fr,René,Dosière,de l',Aisne,2,rene-dosiere
pdoucet@assemblee-nationale.fr,Philippe,Doucet,du,Val-d'Oise,95,philippe-doucet
sdoucet@assemblee-nationale.fr,Sandrine,Doucet,de la,Gironde,33,sandrine-doucet
jdubie@assemblee-nationale.fr,Jeanine,Dubié,des,Hautes-Pyrénées,65,jeanine-dubie
fdubois@assemblee-nationale.fr,Françoise,Dubois,de la,Sarthe,72,francoise-dubois
mdubois@assemblee-nationale.fr,Marianne,Dubois,du,Loiret,45,marianne-dubois
vdubymuller@assemblee-nationale.fr,Virginie,Duby-Muller,de la,Haute-Savoie,74,virginie-duby-muller
jpdufau@assemblee-nationale.fr,Jean-Pierre,Dufau,des,Landes,40,jean-pierre-dufau
cduflot@assemblee-nationale.fr,Cécile,Duflot,de,Paris,75,cecile-duflot
aldufourtonini@assemblee-nationale.fr,Anne-Lise,Dufour-Tonini,du,Nord,59,anne-lise-dufour-tonini
fdumas@assemblee-nationale.fr,Françoise,Dumas,du,Gard,30,francoise-dumas
wdumas@assemblee-nationale.fr,William,Dumas,du,Gard,30,william-dumas
jldumont@assemblee-nationale.fr,Jean-Louis,Dumont,de la,Meuse,55,jean-louis-dumont
ldumont@assemblee-nationale.fr,Laurence,Dumont,du,Calvados,14,laurence-dumont
ndupont-aignan@assemblee-nationale.fr,Nicolas,Dupont-Aignan,de l',Essonne,91,nicolas-dupont-aignan
jpdupre@assemblee-nationale.fr,Jean-Paul,Dupré,de l',Aude,11,jean-paul-dupre
ydurand@assemblee-nationale.fr,Yves,Durand,du,Nord,59,yves-durand
pduron@assemblee-nationale.fr,Philippe,Duron,du,Calvados,14,philippe-duron
odussopt@assemblee-nationale.fr,Olivier,Dussopt,de l',Ardèche,7,olivier-dussopt
hemmanuelli@assemblee-nationale.fr,Henri,Emmanuelli,des,Landes,40,henri-emmanuelli
cerhel@assemblee-nationale.fr,Corinne,Erhel,des,Côtes-d'Armor,22,corinne-erhel
serrante@assemblee-nationale.fr,Sophie,Errante,de,Loire-Atlantique,44,sophie-errante
cestrosi@assemblee-nationale.fr,Christian,Estrosi,des,Alpes-Maritimes,6,christian-estrosi
mhfabre@assemblee-nationale.fr,Marie-Hélène,Fabre,de l',Aude,11,marie-helene-fabre
ofalorni@assemblee-nationale.fr,Olivier,Falorni,de la,Charente-Maritime,17,olivier-falorni
dfasquelle@assemblee-nationale.fr,Daniel,Fasquelle,du,Pas-de-Calais,62,daniel-fasquelle
mfaure@assemblee-nationale.fr,Martine,Faure,de la,Gironde,33,martine-faure
ofaure@assemblee-nationale.fr,Olivier,Faure,de,Seine-et-Marne,77,olivier-faure
afaure@assemblee-nationale.fr,Alain,Fauré,de l',Ariège,9,alain-faure
yfavennec@assemblee-nationale.fr,Yannick,Favennec,de la,Mayenne,53,yannick-favennec
gfenech@assemblee-nationale.fr,Georges,Fenech,du,Rhône,69,georges-fenech
hferon@assemblee-nationale.fr,Hervé,Féron,de,Meurthe-et-Moselle,54,herve-feron
rferrand@assemblee-nationale.fr,Richard,Ferrand,du,Finistère,29,richard-ferrand
afilippetti@assemblee-nationale.fr,Aurélie,Filippetti,de la,Moselle,57,aurelie-filippetti
ffillon@assemblee-nationale.fr,François,Fillon,de,Paris,75,francois-fillon
gfioraso@assemblee-nationale.fr,Geneviève,Fioraso,de l',Isère,38,genevieve-fioraso
pfolliot@assemblee-nationale.fr,Philippe,Folliot,du,Tarn,81,philippe-folliot
mlfort@assemblee-nationale.fr,Marie-Louise,Fort,de l',Yonne,89,marie-louise-fort
yfoulon@assemblee-nationale.fr,Yves,Foulon,de la,Gironde,33,yves-foulon
hfourage@assemblee-nationale.fr,Hugues,Fourage,de la,Vendée,85,hugues-fourage
jfournel@assemblee-nationale.fr,Jean-Marc,Fournel,de,Meurthe-et-Moselle,54,jean-marc-fournel
vfourneyron@assemblee-nationale.fr,Valérie,Fourneyron,de,Seine-Maritime,76,valerie-fourneyron
mfournierarmand@assemblee-nationale.fr,Michèle,Fournier-Armand,du,Vaucluse,84,michele-fournier-armand
mfrancaix@assemblee-nationale.fr,Michel,Françaix,de l',Oise,60,michel-francaix
mfrancina@assemblee-nationale.fr,Marc,Francina,de la,Haute-Savoie,74,marc-francina
cfranqueville@assemblee-nationale.fr,Christian,Franqueville,des,Vosges,88,christian-franqueville
jfraysse@assemblee-nationale.fr,Jacqueline,Fraysse,des,Hauts-de-Seine,92,jacqueline-fraysse
jcfromantin@assemblee-nationale.fr,Jean-Christophe,Fromantin,des,Hauts-de-Seine,92,jean-christophe-fromantin
yfromion@assemblee-nationale.fr,Yves,Fromion,du,Cher,18,yves-fromion
jcfruteau@assemblee-nationale.fr,Jean-Claude,Fruteau,de la,Réunion,974,jean-claude-fruteau
lfurst@assemblee-nationale.fr,Laurent,Furst,du,Bas-Rhin,67,laurent-furst
jlgagnaire@assemblee-nationale.fr,Jean-Louis,Gagnaire,de la,Loire,42,jean-louis-gagnaire
ggaillard@assemblee-nationale.fr,Geneviève,Gaillard,des,Deux-Sèvres,79,genevieve-gaillard
ygalut@assemblee-nationale.fr,Yann,Galut,du,Cher,18,yann-galut
sgandolfi-scheit@assemblee-nationale.fr,Sauveur,Gandolfi-Scheit,de la,Haute-Corse,2B,sauveur-gandolfi-scheit
ggarot@assemblee-nationale.fr,Guillaume,Garot,de la,Mayenne,53,guillaume-garot
hgaymard@assemblee-nationale.fr,Hervé,Gaymard,de la,Savoie,73,herve-gaymard
agenevard@assemblee-nationale.fr,Annie,Genevard,du,Doubs,25,annie-genevard
ggeoffroy@assemblee-nationale.fr,Guy,Geoffroy,de,Seine-et-Marne,77,guy-geoffroy
bgerard@assemblee-nationale.fr,Bernard,Gérard,du,Nord,59,bernard-gerard
jmgermain@assemblee-nationale.fr,Jean-Marc,Germain,des,Hauts-de-Seine,92,jean-marc-germain
agest@assemblee-nationale.fr,Alain,Gest,de la,Somme,80,alain-gest
pgiacobbi@assemblee-nationale.fr,Paul,Giacobbi,de la,Haute-Corse,2B,paul-giacobbi
dgibbes@assemblee-nationale.fr,Daniel,Gibbes,de,Saint-Barthélemy et Saint-Martin,977,daniel-gibbes
fgilard@assemblee-nationale.fr,Franck,Gilard,de l',Eure,27,franck-gilard
jpgille@assemblee-nationale.fr,Jean-Patrick,Gille,d',Indre-et-Loire,37,jean-patrick-gille
gginesta@assemblee-nationale.fr,Georges,Ginesta,du,Var,83,georges-ginesta
cginesy@assemblee-nationale.fr,Charles-Ange,Ginesy,des,Alpes-Maritimes,6,charles-ange-ginesy
jpgiran@assemblee-nationale.fr,Jean-Pierre,Giran,du,Var,83,jean-pierre-giran
jgiraud@assemblee-nationale.fr,Joël,Giraud,des,Hautes-Alpes,5,joel-giraud
jglavany@assemblee-nationale.fr,Jean,Glavany,des,Hautes-Pyrénées,65,jean-glavany
ygoasdoue@assemblee-nationale.fr,Yves,Goasdoue,de l',Orne,61,yves-goasdoue
cgoasguen@assemblee-nationale.fr,Claude,Goasguen,de,Paris,75,claude-goasguen
dgoldberg@assemblee-nationale.fr,Daniel,Goldberg,de la,Seine-Saint-Denis,93,daniel-goldberg
pgomes@assemblee-nationale.fr,Philippe,Gomes,de la,Nouvelle-Calédonie,988,philippe-gomes
jpgorges@assemblee-nationale.fr,Jean-Pierre,Gorges,d',Eure-et-Loir,28,jean-pierre-gorges
pgosselin@assemblee-nationale.fr,Philippe,Gosselin,de la,Manche,50,philippe-gosselin
ggosselin@assemblee-nationale.fr,Geneviève,Gosselin-Fleury,de la,Manche,50,genevieve-gosselin
pgot@assemblee-nationale.fr,Pascale,Got,de la,Gironde,33,pascale-got
mgoua@assemblee-nationale.fr,Marc,Goua,de,Maine-et-Loire,49,marc-goua
pgoujon@assemblee-nationale.fr,Philippe,Goujon,de,Paris,75,philippe-goujon
contact@lindagourjade.fr,Linda,Gourjade,du,Tarn,81,linda-gourjade
lgrandguillaume@assemblee-nationale.fr,Laurent,Grandguillaume,de la,Côte-d'Or,21,laurent-grandguillaume
cgreff@assemblee-nationale.fr,Claude,Greff,d',Indre-et-Loire,37,claude-greff
jgrellier@assemblee-nationale.fr,Jean,Grellier,des,Deux-Sèvres,79,jean-grellier
agrommerch@assemblee-nationale.fr,Anne,Grommerch,de la,Moselle,57,anne-grommerch
agrosskost@assemblee-nationale.fr,Arlette,Grosskost,du,Haut-Rhin,68,arlette-grosskost
sgrouard@assemblee-nationale.fr,Serge,Grouard,du,Loiret,45,serge-grouard
hguaino@assemblee-nationale.fr,Henri,Guaino,des,Yvelines,78,henri-guaino
fguegot@assemblee-nationale.fr,Françoise,Guégot,de,Seine-Maritime,76,francoise-guegot
egueugneau@assemblee-nationale.fr,Edith,Gueugneau,de,Saône-et-Loire,71,edith-gueugneau
jcguibal@assemblee-nationale.fr,Jean-Claude,Guibal,des,Alpes-Maritimes,6,jean-claude-guibal
eguigou@assemblee-nationale.fr,Elisabeth,Guigou,de,Seine-Saint-Denis,93,elisabeth-guigou
jjguillet@assemblee-nationale.fr,Jean-Jacques,Guillet,des,Hauts-de-Seine,92,jean-jacques-guillet
cguilloteau@assemblee-nationale.fr,Christophe,Guilloteau,du,Rhône,69,christophe-guilloteau
cguittet@assemblee-nationale.fr,Chantal,Guittet,du,Finistère,29,chantal-guittet
dhabib@assemblee-nationale.fr,David,Habib,des,Pyrénées-Atlantiques,64,david-habib
mhabib@assemblee-nationale.fr,Meyer,Habib,des,Français établis hors de France,999,meyer-habib
rhammadi@assemblee-nationale.fr,Razzy,Hammadi,de la,Seine-Saint-Denis,93,razzy-hammadi
bhamon@assemblee-nationale.fr,Benoît,Hamon,des,Yvelines,78,benoit-hamon
mhanotin@assemblee-nationale.fr,Mathieu,Hanotin,de la,Seine-Saint-Denis,93,mathieu-hanotin
mheinrich@assemblee-nationale.fr,Michel,Heinrich,des,Vosges,88,michel-heinrich
mherbillon@assemblee-nationale.fr,Michel,Herbillon,du,Val-de-Marne,94,michel-herbillon
aherth@assemblee-nationale.fr,Antoine,Herth,du,Bas-Rhin,67,antoine-herth
phetzel@assemblee-nationale.fr,Patrick,Hetzel,du,Bas-Rhin,67,patrick-hetzel
fhillmeyer@assemblee-nationale.fr,Francis,Hillmeyer,du,Haut-Rhin,68,francis-hillmeyer
ghobert@assemblee-nationale.fr,Gilda,Hobert,du,Rhône,69,gilda-hobert
phouillon@assemblee-nationale.fr,Philippe,Houillon,du,Val-d'Oise,95,philippe-houillon
ghuet@assemblee-nationale.fr,Guénhaël,Huet,de la,Manche,50,guenhael-huet
jhuillier@assemblee-nationale.fr,Joëlle,Huillier,de l',Isère,38,joelle-huillier
chutin@assemblee-nationale.fr,Christian,Hutin,du,Nord,59,christian-hutin
shuyghe@assemblee-nationale.fr,Sébastien,Huyghe,du,Nord,59,sebastien-huyghe
miborra@assemblee-nationale.fr,Monique,Iborra,de la,Haute-Garonne,31,monique-iborra
fimbert@assemblee-nationale.fr,Françoise,Imbert,de la,Haute-Garonne,31,francoise-imbert
missindou@assemblee-nationale.fr,Michel,Issindou,de l',Isère,38,michel-issindou
cjacob@assemblee-nationale.fr,Christian,Jacob,de,Seine-et-Marne,77,christian-jacob
djacquat@assemblee-nationale.fr,Denis,Jacquat,de la,Moselle,57,denis-jacquat
ejalton@assemblee-nationale.fr,Eric,Jalton,de la,Guadeloupe,971,eric-jalton
sjanquin@assemblee-nationale.fr,Serge,Janquin,du,Pas-de-Calais,62,serge-janquin
yjego@assemblee-nationale.fr,Yves,Jégo,de,Seine-et-Marne,77,yves-jego
hjibrayel@assemblee-nationale.fr,Henri,Jibrayel,des,Bouches-du-Rhône,13,henri-jibrayel
rjuanico@assemblee-nationale.fr,Régis,Juanico,de la,Loire,42,regis-juanico
ajung@assemblee-nationale.fr,Armand,Jung,du,Bas-Rhin,67,armand-jung
lkalinowski@assemblee-nationale.fr,Laurent,Kalinowski,de la,Moselle,57,laurent-kalinowski
mkaramanli@assemblee-nationale.fr,Marietta,Karamanli,de la,Sarthe,72,marietta-karamanli
pkemel@assemblee-nationale.fr,Philippe,Kemel,du,Pas-de-Calais,62,philippe-kemel
ckert@assemblee-nationale.fr,Christian,Kert,des,Bouches-du-Rhône,13,christian-kert
ckhirouni@assemblee-nationale.fr,Chaynesse,Khirouni,de,Meurthe-et-Moselle,54,chaynesse-khirouni
nkosciusko-morizet@assemblee-nationale.fr,Nathalie,Kosciusko-Morizet,de l',Essonne,91,nathalie-kosciusko-morizet
jkossowski@assemblee-nationale.fr,Jacques,Kossowski,des,Hauts-de-Seine,92,jacques-kossowski
jkrabal@assemblee-nationale.fr,Jacques,Krabal,de l',Aisne,2,jacques-krabal
plabaune@assemblee-nationale.fr,Patrick,Labaune,de la,Drôme,26,patrick-labaune
blaclais@assemblee-nationale.fr,Bernadette,Laclais,de la,Savoie,73,bernadette-laclais
vlacroute@assemblee-nationale.fr,Valérie,Lacroute,de,Seine-et-Marne,77,valerie-lacroute
clacuey@assemblee-nationale.fr,Conchita,Lacuey,de la,Gironde,33,conchita-lacuey
mlaffineur@assemblee-nationale.fr,Marc,Laffineur,de,Maine-et-Loire,49,marc-laffineur
jclagarde@assemblee-nationale.fr,Jean-Christophe,Lagarde,de la,Seine-Saint-Denis,93,jean-christophe-lagarde
slagarde@assemblee-nationale.fr,Sonia,Lagarde,de la,Nouvelle-Calédonie,988,sonia-lagarde
fmlambert@assemblee-nationale.fr,François-Michel,Lambert,des,Bouches-du-Rhône,13,francois-michel-lambert
jlambert@assemblee-nationale.fr,Jérôme,Lambert,de la,Charente,16,jerome-lambert
jlamblin@assemblee-nationale.fr,Jacques,Lamblin,de,Meurthe-et-Moselle,54,jacques-lamblin
jflamour@assemblee-nationale.fr,Jean-François,Lamour,de,Paris,75,jean-francois-lamour
flamy@assemblee-nationale.fr,François,Lamy,de l',Essonne,91,francois-lamy
alang@assemblee-nationale.fr,Anne-Christine,Lang,de,Paris,75,anne-christine-lang
clanglade@assemblee-nationale.fr,Colette,Langlade,de  la,Dordogne,24,colette-langlade
glarrive@assemblee-nationale.fr,Guillaume,Larrivé,de l',Yonne,89,guillaume-larrive
jlassalle@assemblee-nationale.fr,Jean,Lassalle,des,Pyrénées-Atlantiques,64,jean-lassalle
jlaunay@assemblee-nationale.fr,Jean,Launay,du,Lot,46,jean-launay
jllaurent@assemblee-nationale.fr,Jean-Luc,Laurent,du,Val-de-Marne,94,jean-luc-laurent
tlazaro@assemblee-nationale.fr,Thierry,Lazaro,du,Nord,59,thierry-lazaro
pyleborgn@assemblee-nationale.fr,Pierre-Yves,Le Borgn',des,Français établis hors de France,999,pierre-yves-le-borgn
jylebouillonnec@assemblee-nationale.fr,Jean-Yves,Le Bouillonnec,du,Val-de-Marne,94,jean-yves-le-bouillonnec
glebris@assemblee-nationale.fr,Gilbert,Le Bris,du,Finistère,29,gilbert-le-bris
ilecallennec@assemblee-nationale.fr,Isabelle,Le Callennec,de l',Ille-et-Vilaine,35,isabelle-le-callennec
ayledain@assemblee-nationale.fr,Anne-Yvonne,Le Dain,de l',Hérault,34,anne-yvonne-le-dain
jyledeaut@assemblee-nationale.fr,Jean-Yves,Le Déaut,de,Meurthe-et-Moselle,54,jean-yves-le-deaut
vledissez@assemblee-nationale.fr,Viviane,Le Dissez,des,Côtes-d'Armor,22,viviane-le-dissez
mlefur@assemblee-nationale.fr,Marc,Le Fur,des,Côtes-d'Armor,22,marc-le-fur
alehouerou@assemblee-nationale.fr,Annie,Le Houerou,des,Côtes-d'Armor,22,annie-le-houerou
aleloch@assemblee-nationale.fr,Annick,Le Loch,du,Finistère,29,annick-le-loch
blemaire@assemblee-nationale.fr,Bruno,Le Maire,de l',Eure,27,bruno-le-maire
dlemener@assemblee-nationale.fr,Dominique,Le Mèner,de la,Sarthe,72,dominique-le-mener
pleray@assemblee-nationale.fr,Philippe,Le Ray,du,Morbihan,56,philippe-le-ray
jpleroch@assemblee-nationale.fr,Jean-Pierre,Le Roch,du,Morbihan,56,jean-pierre-le-roch
bleroux@assemblee-nationale.fr,Bruno,Le Roux,de la,Seine-Saint-Denis,93,bruno-le-roux
mlevern@assemblee-nationale.fr,Marie,Le Vern,de,Seine-Maritime,76,marie-le-vern
aleboeuf@assemblee-nationale.fr,Alain,Leboeuf,de la,Vendée,85,alain-leboeuf
plebreton@assemblee-nationale.fr,Patrick,Lebreton,de la,Réunion,974,patrick-lebreton
mlefait@assemblee-nationale.fr,Michel,Lefait,du,Pas-de-Calais,62,michel-lefait
dlefebvre@assemblee-nationale.fr,Dominique,Lefebvre,du,Val-d'Oise,95,dominique-lefebvre
flefebvre@assemblee-nationale.fr,Frédéric,Lefebvre,des,Français établis hors de France,999,frederic-lefebvre
plellouche@assemblee-nationale.fr,Pierre,Lellouche,de,Paris,75,pierre-lellouche
plemasle@assemblee-nationale.fr,Patrick,Lemasle,de la,Haute-Garonne,31,patrick-lemasle
clemorton@assemblee-nationale.fr,Catherine,Lemorton,de la,Haute-Garonne,31,catherine-lemorton
cleonard@assemblee-nationale.fr,Christophe,Léonard,des,Ardennes,8,christophe-leonard
jleonetti@assemblee-nationale.fr,Jean,Leonetti,des,Alpes-Maritimes,6,jean-leonetti
alepetit@assemblee-nationale.fr,Annick,Lepetit,de,Paris,75,annick-lepetit
plequiller@assemblee-nationale.fr,Pierre,Lequiller,des,Yvelines,78,pierre-lequiller
aleroy@assemblee-nationale.fr,Arnaud,Leroy,des,Français établis hors de France,999,arnaud-leroy
mleroy@assemblee-nationale.fr,Maurice,Leroy,du,Loir-et-Cher,41,maurice-leroy
mlesage@assemblee-nationale.fr,Michel,Lesage,des,Côtes-d'Armor,22,michel-lesage
blesterlin@assemblee-nationale.fr,Bernard,Lesterlin,de l',Allier,3,bernard-lesterlin
sletchimy@assemblee-nationale.fr,Serge,Letchimy,de la,Martinique,972,serge-letchimy
clett@assemblee-nationale.fr,Céleste,Lett,de la,Moselle,57,celeste-lett
glevy@assemblee-nationale.fr,Geneviève,Levy,du,Var,83,genevieve-levy
mliebgott@assemblee-nationale.fr,Michel,Liebgott,de la,Moselle,57,michel-liebgott
mlignieres-cassou@assemblee-nationale.fr,Martine,Lignières-Cassou,des,Pyrénées-Atlantiques,64,martine-lignieres-cassou
alinkenheld@assemblee-nationale.fr,Audrey,Linkenheld,du,Nord,59,audrey-linkenheld
floncle@assemblee-nationale.fr,François,Loncle,de l',Eure,27,francois-loncle
glouis-carabin@assemblee-nationale.fr,Gabrielle,Louis-Carabin,de la,Guadeloupe,971,gabrielle-louis-carabin
llousteau@assemblee-nationale.fr,Lucette,Lousteau,de,Lot-et-Garonne,47,lucette-lousteau
vlouwagie@assemblee-nationale.fr,Véronique,Louwagie,de l',Orne,61,veronique-louwagie
lluca@assemblee-nationale.fr,Lionnel,Luca,des,Alpes-Maritimes,6,lionnel-luca
vlurel@assemblee-nationale.fr,Victorin,Lurel,de la,Guadeloupe,971,victorin-lurel
glurton@assemblee-nationale.fr,Gilles,Lurton,d',Ille-et-Vilaine,35,gilles-lurton
jpmaggi@assemblee-nationale.fr,Jean-Pierre,Maggi,des,Bouches-du-Rhône,13,jean-pierre-maggi
nmamere@assemblee-nationale.fr,Noël,Mamère,de la,Gironde,33,noel-mamere
jfmancel@assemblee-nationale.fr,Jean-François,Mancel,de l',Oise,60,jean-francois-mancel
jmaquet@assemblee-nationale.fr,Jacqueline,Maquet,du,Pas-de-Calais,62,jacqueline-maquet
lmarcangeli@assemblee-nationale.fr,Laurent,Marcangeli,de la,Corse-du-Sud,2A,laurent-marcangeli
mlmarcel@assemblee-nationale.fr,Marie-Lou,Marcel,de l',Aveyron,12,marie-lou-marcel
mmarechallepen@assemblee-nationale.fr,Marion,Maréchal-Le Pen,du,Vaucluse,84,marion-marechal-le-pen
tmariani@assemblee-nationale.fr,Thierry,Mariani,des,Français établis hors de France,999,thierry-mariani
amarie-jeanne@assemblee-nationale.fr,Alfred,Marie-Jeanne,de la,Martinique,972,alfred-marie-jeanne
hmariton@assemblee-nationale.fr,Hervé,Mariton,de la,Drôme,26,herve-mariton
amarleix@assemblee-nationale.fr,Alain,Marleix,du,Cantal,15,alain-marleix
omarleix@assemblee-nationale.fr,Olivier,Marleix,d',Eure-et-Loir,28,olivier-marleix
fmarlin@assemblee-nationale.fr,Franck,Marlin,de l',Essonne,91,franck-marlin
jrmarsac@assemblee-nationale.fr,Jean-René,Marsac,d',Ille-et-Vilaine,35,jean-rene-marsac
amarsaud@assemblee-nationale.fr,Alain,Marsaud,des,Français établis hors de France,999,alain-marsaud
pmartin@assemblee-nationale.fr,Philippe,Martin,du,Gers,32,philippe-martin
pamartin@assemblee-nationale.fr,Philippe Armand,Martin,de la,Marne,51,philippe-armand-martin
pmartin-lalande@assemblee-nationale.fr,Patrice,Martin-Lalande,du,Loir-et-Cher,41,patrice-martin-lalande
mmartinel@assemblee-nationale.fr,Martine,Martinel,de la,Haute-Garonne,31,martine-martinel
amarty@assemblee-nationale.fr,Alain,Marty,de la,Moselle,57,alain-marty
fmassat@assemblee-nationale.fr,Frédérique,Massat,de l',Ariège,9,frederique-massat
vmassonneau@assemblee-nationale.fr,Véronique,Massonneau,de la,Vienne,86,veronique-massonneau
jcmathis@assemblee-nationale.fr,Jean-Claude,Mathis,de l',Aube,10,jean-claude-mathis
smazetier@assemblee-nationale.fr,Sandrine,Mazetier,de,Paris,75,sandrine-mazetier
mmenard@assemblee-nationale.fr,Michel,Ménard,de la,Loire-Atlantique,44,michel-menard
pmennucci@assemblee-nationale.fr,Patrick,Mennucci,des,Bouches-du-Rhône,13,patrick-mennucci
gmenuel@assemblee-nationale.fr,Gérard,Menuel,de l',Aube,10,gerard-menuel
dmeslot@assemblee-nationale.fr,Damien,Meslot,du,Territoire-de-Belfort,90,damien-meslot
kmesquida@assemblee-nationale.fr,Kléber,Mesquida,de l',Hérault,34,kleber-mesquida
pmeunier@assemblee-nationale.fr,Philippe,Meunier,du,Rhône,69,philippe-meunier
jcmignon@assemblee-nationale.fr,Jean-Claude,Mignon,de,Seine-et-Marne,77,jean-claude-mignon
jmoignard@assemblee-nationale.fr,Jacques,Moignard,de,Tarn-et-Garonne,82,jacques-moignard
pmolac@assemblee-nationale.fr,Paul,Molac,du,Morbihan,56,paul-molac
pmorange@assemblee-nationale.fr,Pierre,Morange,des,Yvelines,78,pierre-morange
ymoreau@assemblee-nationale.fr,Yannick,Moreau,de la,Vendée,85,yannick-moreau
pmorelalhuissier@assemblee-nationale.fr,Pierre,Morel-A-L'Huissier,de la,Lozère,48,pierre-morel-a-l-huissier
hmorin@assemblee-nationale.fr,Hervé,Morin,de l',Eure,27,herve-morin
amoyne-bressand@assemblee-nationale.fr,Alain,Moyne-Bressand,de l',Isère,38,alain-moyne-bressand
pamuet@assemblee-nationale.fr,Pierre-Alain,Muet,du,Rhône,69,pierre-alain-muet
jmyard@assemblee-nationale.fr,Jacques,Myard,des,Yvelines,78,jacques-myard
dnachury@assemblee-nationale.fr,Dominique,Nachury,du,Rhône,69,dominique-nachury
pnauche@assemblee-nationale.fr,Philippe,Nauche,de la,Corrèze,19,philippe-nauche
ynicolin@assemblee-nationale.fr,Yves,Nicolin,de la,Loire,42,yves-nicolin
nnieson@assemblee-nationale.fr,Nathalie,Nieson,de la,Drôme,26,nathalie-nieson
jpnilor@assemblee-nationale.fr,Jean-Philippe,Nilor,de la,Martinique,972,jean-philippe-nilor
pnogues@assemblee-nationale.fr,Philippe,Noguès,du,Morbihan,56,philippe-nogues
rolive@assemblee-nationale.fr,Robert,Olive,des,Pyrénées-Orientales,66,robert-olive
molivier@assemblee-nationale.fr,Maud,Olivier,de l',Essonne,91,maud-olivier
pollier@assemblee-nationale.fr,Patrick,Ollier,des,Hauts-de-Seine,92,patrick-ollier
dorliac@assemblee-nationale.fr,Dominique,Orliac,du,Lot,46,dominique-orliac
morphe@assemblee-nationale.fr,Monique,Orphé,de la,Réunion,974,monique-orphe
mpajon@assemblee-nationale.fr,Michel,Pajon,de la,Seine-Saint-Denis,93,michel-pajon
bpancher@assemblee-nationale.fr,Bertrand,Pancher,de la,Meuse,55,bertrand-pancher
lpane@assemblee-nationale.fr,Luce,Pane,de,Seine-Maritime,76,luce-pane
cpaul@assemblee-nationale.fr,Christian,Paul,de la,Nièvre,58,christian-paul
rpauvros@assemblee-nationale.fr,Rémi,Pauvros,du,Nord,59,remi-pauvros
gpeiro@assemblee-nationale.fr,Germinal,Peiro,de la,Dordogne,24,germinal-peiro
jpelissard@assemblee-nationale.fr,Jacques,Pélissard,du,Jura,39,jacques-pelissard
hpellois@assemblee-nationale.fr,Hervé,Pellois,du,Morbihan,56,herve-pellois
jcperez@assemblee-nationale.fr,Jean-Claude,Perez,de l',Aude,11,jean-claude-perez
bperrut@assemblee-nationale.fr,Bernard,Perrut,du,Rhône,69,bernard-perrut
ephilippe@assemblee-nationale.fr,Edouard,Philippe,de la,Seine-Maritime,76,edouard-philippe
spietrasanta@assemblee-nationale.fr,Sébastien,Pietrasanta,des,Hauts-de-Seine,92,sebastien-pietrasanta
cpiresbeaune@assemblee-nationale.fr,Christine,Pires Beaune,du,Puy-de-Dôme,63,christine-pires-beaune
mpiron@assemblee-nationale.fr,Michel,Piron,de,Maine-et-Loire,49,michel-piron
pplisson@assemblee-nationale.fr,Philippe,Plisson,de la,Gironde,33,philippe-plisson
epochon@assemblee-nationale.fr,Elisabeth,Pochon,de,Seine-Saint-Denis,93,elisabeth-pochon
jfpoisson@assemblee-nationale.fr,Jean-Frédéric,Poisson,des,Yvelines,78,jean-frederic-poisson
bpoletti@assemblee-nationale.fr,Bérengère,Poletti,des,Ardennes,8,berengere-poletti
npolutele@assemblee-nationale.fr,Napole,Polutélé,de,Wallis-et-Futuna,986,napole-polutele
bpompili@assemblee-nationale.fr,Barbara,Pompili,de la,Somme,80,barbara-pompili
aponiatowski@assemblee-nationale.fr,Axel,Poniatowski,du,Val-d'Oise,95,axel-poniatowski
jpons@assemblee-nationale.fr,Josette,Pons,du,Var,83,josette-pons
ppopelin@assemblee-nationale.fr,Pascal,Popelin,de la,Seine-Saint-Denis,93,pascal-popelin
dpotier@assemblee-nationale.fr,Dominique,Potier,de,Meurthe-et-Moselle,54,dominique-potier
mpouzol@assemblee-nationale.fr,Michel,Pouzol,de l',Essonne,91,michel-pouzol
rpoveda@assemblee-nationale.fr,Régine,Povéda,de,Lot-et-Garonne,47,regine-poveda
paprat@assemblee-nationale.fr,Patrice,Prat,du,Gard,30,patrice-prat
cpremat@assemblee-nationale.fr,Christophe,Premat,des,Français établis hors de France,999,christophe-premat
cpriou@assemblee-nationale.fr,Christophe,Priou,de la,Loire-Atlantique,44,christophe-priou
jpueyo@assemblee-nationale.fr,Joaquim,Pueyo,de l',Orne,61,joaquim-pueyo
fpupponi@assemblee-nationale.fr,François,Pupponi,du,Val-d'Oise,95,francois-pupponi
dquentin@assemblee-nationale.fr,Didier,Quentin,de la,Charente-Maritime,17,didier-quentin
cquere@assemblee-nationale.fr,Catherine,Quéré,de,Charente-Maritime,17,catherine-quere
vrabault@assemblee-nationale.fr,Valérie,Rabault,du,Tarn-et-Garonne,82,valerie-rabault
mrabin@assemblee-nationale.fr,Monique,Rabin,de,Loire-Atlantique,44,monique-rabin
draimbourg@assemblee-nationale.fr,Dominique,Raimbourg,de la,Loire-Atlantique,44,dominique-raimbourg
mrecalde@assemblee-nationale.fr,Marie,Récalde,de la,Gironde,33,marie-recalde
freiss@assemblee-nationale.fr,Frédéric,Reiss,du,Bas-Rhin,67,frederic-reiss
jlreitzer@assemblee-nationale.fr,Jean-Luc,Reitzer,du,Haut-Rhin,68,jean-luc-reitzer
mlreynaud@assemblee-nationale.fr,Marie-Line,Reynaud,de la,Charente,16,marie-line-reynaud
breynes@assemblee-nationale.fr,Bernard,Reynès,des,Bouches-du-Rhône,13,bernard-reynes
freynier@assemblee-nationale.fr,Franck,Reynier,de la,Drôme,26,franck-reynier
pribeaud@assemblee-nationale.fr,Pierre,Ribeaud,de l',Isère,38,pierre-ribeaud
arichard@assemblee-nationale.fr,Arnaud,Richard,des,Yvelines,78,arnaud-richard
friester@assemblee-nationale.fr,Franck,Riester,de,Seine-et-Marne,77,franck-riester
erihancypel@assemblee-nationale.fr,Eduardo,Rihan Cypel,de,Seine-et-Marne,77,eduardo-rihan-cypel
trobert@assemblee-nationale.fr,Thierry,Robert,de la,Réunion,974,thierry-robert
drobiliard@assemblee-nationale.fr,Denys,Robiliard,du,Loir-et-Cher,41,denys-robiliard
arobinet@assemblee-nationale.fr,Arnaud,Robinet,de la,Marne,51,arnaud-robinet
frochebloine@assemblee-nationale.fr,François,Rochebloine,de la,Loire,42,francois-rochebloine
arodet@assemblee-nationale.fr,Alain,Rodet,de la,Haute-Vienne,87,alain-rodet
mrogemont@assemblee-nationale.fr,Marcel,Rogemont,d',Ille-et-Vilaine,35,marcel-rogemont
srohfritsch@assemblee-nationale.fr,Sophie,Rohfritsch,du,Bas-Rhin,67,sophie-rohfritsch
froig@assemblee-nationale.fr,Frédéric,Roig,de l',Hérault,34,frederic-roig
bromagnan@assemblee-nationale.fr,Barbara,Romagnan,du,Doubs,25,barbara-romagnan
broman@assemblee-nationale.fr,Bernard,Roman,du,Nord,59,bernard-roman
grouillard@assemblee-nationale.fr,Gwendal,Rouillard,du,Morbihan,56,gwendal-rouillard
jlroumegas@assemblee-nationale.fr,Jean-Louis,Roumegas,de l',Hérault,34,jean-louis-roumegas
rrouquet@assemblee-nationale.fr,René,Rouquet,du,Val-de-Marne,94,rene-rouquet
arousset@assemblee-nationale.fr,Alain,Rousset,de la,Gironde,33,alain-rousset
msaddier@assemblee-nationale.fr,Martial,Saddier,de la,Haute-Savoie,74,martial-saddier
msage@assemblee-nationale.fr,Maina,Sage,de la,Polynésie Française,987,maina-sage
bsaid@assemblee-nationale.fr,Boinali,Said,de,Mayotte,976,boinali-said
ssaintandre@assemblee-nationale.fr,Stéphane,Saint-André,du,Pas-de-Calais,62,stephane-saint-andre
psalen@assemblee-nationale.fr,Paul,Salen,de la,Loire,42,paul-salen
rsalles@assemblee-nationale.fr,Rudy,Salles,des,Alpes-Maritimes,6,rudy-salles
nsansu@assemblee-nationale.fr,Nicolas,Sansu,du,Cher,18,nicolas-sansu
bsantais@assemblee-nationale.fr,Béatrice,Santais,de la,Savoie,73,beatrice-santais
asantini@assemblee-nationale.fr,André,Santini,des,Hauts-de-Seine,92,andre-santini
esas@assemblee-nationale.fr,Eva,Sas,de l',Essonne,91,eva-sas
osaugues@assemblee-nationale.fr,Odile,Saugues,du,Puy-de-Dôme,63,odile-saugues
fsauvadet@assemblee-nationale.fr,François,Sauvadet,de la,Côte-d'Or,21,francois-sauvadet
gsauvan@assemblee-nationale.fr,Gilbert,Sauvan,des,Alpes-de-Haute-Provence,4,gilbert-sauvan
gsavary@assemblee-nationale.fr,Gilles,Savary,de la,Gironde,33,gilles-savary
fscellier@assemblee-nationale.fr,François,Scellier,du,Val-d'Oise,95,francois-scellier
cschmid@assemblee-nationale.fr,Claudine,Schmid,des,Français établis hors de France,999,claudine-schmid
aschneider@assemblee-nationale.fr,André,Schneider,du,Bas-Rhin,67,andre-schneider
rgschwartzenberg@assemblee-nationale.fr,Roger-Gérard,Schwartzenberg,du,Val-de-Marne,94,roger-gerard-schwartzenberg
gsebaoun@assemblee-nationale.fr,Gérard,Sebaoun,du,Val-d'Oise,95,gerard-sebaoun
jmsermier@assemblee-nationale.fr,Jean-Marie,Sermier,du,Jura,39,jean-marie-sermier
gserville@assemblee-nationale.fr,Gabriel,Serville,de la,Guyane,973,gabriel-serville
fsire@assemblee-nationale.fr,Fernand,Siré,des,Pyrénées-Orientales,66,fernand-sire
csirugue@assemblee-nationale.fr,Christophe,Sirugue,de,Saône-et-Loire,71,christophe-sirugue
tsolere@assemblee-nationale.fr,Thierry,Solère,des,Hauts-de-Seine,92,thierry-solere
jsommaruga@assemblee-nationale.fr,Julie,Sommaruga,des,Hauts-de-Seine,92,julie-sommaruga
msordi@assemblee-nationale.fr,Michel,Sordi,du,Haut-Rhin,68,michel-sordi
estraumann@assemblee-nationale.fr,Eric,Straumann,du,Haut-Rhin,68,eric-straumann
csturni@assemblee-nationale.fr,Claude,Sturni,du,Bas-Rhin,67,claude-sturni
asuguenot@assemblee-nationale.fr,Alain,Suguenot,de la,Côte-d'Or,21,alain-suguenot
mtabarot@assemblee-nationale.fr,Michèle,Tabarot,des,Alpes-Maritimes,6,michele-tabarot
jtahuaitu@assemblee-nationale.fr,Jonas,Tahuaitu,de la,Polynésie Française,987,jonas-tahuaitu
stallard@assemblee-nationale.fr,Suzanne,Tallard,de,Charente-Maritime,17,suzanne-tallard
ltardy@assemblee-nationale.fr,Lionel,Tardy,de la,Haute-Savoie,74,lionel-tardy
jctaugourdeau@assemblee-nationale.fr,Jean-Charles,Taugourdeau,de,Maine-et-Loire,49,jean-charles-taugourdeau
gteissier@assemblee-nationale.fr,Guy,Teissier,des,Bouches-du-Rhône,13,guy-teissier
pterrasse@assemblee-nationale.fr,Pascal,Terrasse,de l',Ardèche,7,pascal-terrasse
mterrot@assemblee-nationale.fr,Michel,Terrot,du,Rhône,69,michel-terrot
jmtetart@assemblee-nationale.fr,Jean-Marie,Tetart,des,Yvelines,78,jean-marie-tetart
tthevenoud@assemblee-nationale.fr,Thomas,Thévenoud,de,Saône-et-Loire,71,thomas-thevenoud
dtian@assemblee-nationale.fr,Dominique,Tian,des,Bouches-du-Rhône,13,dominique-tian
stolmont@assemblee-nationale.fr,Sylvie,Tolmont,de la,Sarthe,72,sylvie-tolmont
jltouraine@assemblee-nationale.fr,Jean-Louis,Touraine,du,Rhône,69,jean-louis-touraine
atourret@assemblee-nationale.fr,Alain,Tourret,du,Calvados,14,alain-tourret
stravert@assemblee-nationale.fr,Stéphane,Travert,de la,Manche,50,stephane-travert
ctroallic@assemblee-nationale.fr,Catherine,Troallic,de,Seine-Maritime,76,catherine-troallic
jptuaiva@assemblee-nationale.fr,Jean-Paul,Tuaiva,de la,Polynésie Française,987,jean-paul-tuaiva
cuntermaier@assemblee-nationale.fr,Cécile,Untermaier,de,Saône-et-Loire,71,cecile-untermaier
dvaillant@assemblee-nationale.fr,Daniel,Vaillant,de,Paris,75,daniel-vaillant
jvalax@assemblee-nationale.fr,Jacques,Valax,du,Tarn,81,jacques-valax
fvannson@assemblee-nationale.fr,François,Vannson,des,Vosges,88,francois-vannson
cvautrin@assemblee-nationale.fr,Catherine,Vautrin,de la,Marne,51,catherine-vautrin
mvauzelle@assemblee-nationale.fr,Michel,Vauzelle,des,Bouches-du-Rhône,13,michel-vauzelle
fvercamer@assemblee-nationale.fr,Francis,Vercamer,du,Nord,59,francis-vercamer
pverchere@assemblee-nationale.fr,Patrice,Verchère,du,Rhône,69,patrice-verchere
fverdier@assemblee-nationale.fr,Fabrice,Verdier,du,Gard,30,fabrice-verdier
mvergnier@assemblee-nationale.fr,Michel,Vergnier,de la,Creuse,23,michel-vergnier
aviala@assemblee-nationale.fr,Arnaud,Viala,de l',Aveyron,12,arnaud-viala
jsvialatte@assemblee-nationale.fr,Jean-Sébastien,Vialatte,du,Var,83,jean-sebastien-vialatte
jpvigier@assemblee-nationale.fr,Jean-Pierre,Vigier,de la,Haute-Loire,43,jean-pierre-vigier
pvigier@assemblee-nationale.fr,Philippe,Vigier,d',Eure-et-Loir,28,philippe-vigier
pvignal@assemblee-nationale.fr,Patrick,Vignal,de l',Hérault,34,patrick-vignal
fxvillain@assemblee-nationale.fr,François-Xavier,Villain,du,Nord,59,francois-xavier-villain
jmvillaume@assemblee-nationale.fr,Jean-Michel,Villaumé,de la,Haute-Saône,70,jean-michel-villaume
pvitel@assemblee-nationale.fr,Philippe,Vitel,du,Var,83,philippe-vitel
jvlody@assemblee-nationale.fr,Jean Jacques,Vlody,de la,Réunion,974,jean-jacques-vlody
mvoisin@assemblee-nationale.fr,Michel,Voisin,de l',Ain,1,michel-voisin
jlwarsmann@assemblee-nationale.fr,Jean-Luc,Warsmann,des,Ardennes,8,jean-luc-warsmann
lwauquiez@assemblee-nationale.fr,Laurent,Wauquiez,de la,Haute-Loire,43,laurent-wauquiez
ewoerth@assemblee-nationale.fr,Eric,Woerth,de l',Oise,60,eric-woerth
pzanetti@assemblee-nationale.fr,Paola,Zanetti,de la,Moselle,57,paola-zanetti
mjzimmermann@assemblee-nationale.fr,Marie-Jo,Zimmermann,de la,Moselle,57,marie-jo-zimmermann
mzumkeller@assemblee-nationale.fr,Michel,Zumkeller,du,Territoire-de-Belfort,90,michel-zumkeller
